{
  "buffers": [
    {
      "alignment": 4,
      "batch": 0,
      "channel_first": true,
      "channel_last": true,
      "epochs": {
        "end": 7,
        "start": 3
      },
      "flags": "STAI_FLAG_PREALLOCATED|STAI_FLAG_ACTIVATIONS",
      "format": "STAI_FORMAT_S8",
      "id": 163,
      "intq": {
        "axis": 0,
        "offsets": [
          -128
        ],
        "scales": [
          3.9863665103912354
        ]
      },
      "is_param": false,
      "mpool_id": 0,
      "name": "conversion_0_output_array",
      "nbits": 8,
      "offset_start": 64,
      "qmn": {},
      "shape": [
        3
      ],
      "shape_map": [
        "CH"
      ],
      "size_bytes": 3
    },
    {
      "alignment": 4,
      "batch": 0,
      "channel_first": true,
      "channel_last": true,
      "epochs": {
        "end": 31,
        "start": 29
      },
      "flags": "STAI_FLAG_OUTPUTS|STAI_FLAG_PREALLOCATED|STAI_FLAG_ACTIVATIONS",
      "format": "STAI_FORMAT_FLOAT",
      "id": 177,
      "intq": {},
      "is_param": false,
      "mpool_id": 0,
      "name": "conversion_7_output_array",
      "nbits": 32,
      "offset_start": 0,
      "qmn": {},
      "shape": [
        3
      ],
      "shape_map": [
        "CH"
      ],
      "size_bytes": 12
    },
    {
      "alignment": 4,
      "batch": 0,
      "channel_first": true,
      "channel_last": true,
      "epochs": {
        "end": 1,
        "start": 0
      },
      "flags": "STAI_FLAG_WEIGHTS|STAI_FLAG_CONST|STAI_FLAG_PREALLOCATED",
      "format": "STAI_FORMAT_S32",
      "id": 182,
      "intq": {},
      "is_param": true,
      "mpool_id": 1,
      "name": "gemm_1_bias_array",
      "nbits": 32,
      "offset_start": 192,
      "qmn": {},
      "shape": [
        64
      ],
      "shape_map": [
        "CH"
      ],
      "size_bytes": 256
    },
    {
      "alignment": 4,
      "batch": 0,
      "channel_first": true,
      "channel_last": true,
      "epochs": {
        "end": 11,
        "start": 6
      },
      "flags": "STAI_FLAG_PREALLOCATED|STAI_FLAG_ACTIVATIONS",
      "format": "STAI_FORMAT_S8",
      "id": 165,
      "intq": {
        "axis": 0,
        "offsets": [
          -128
        ],
        "scales": [
          1.2703133821487427
        ]
      },
      "is_param": false,
      "mpool_id": 0,
      "name": "gemm_1_output_array",
      "nbits": 8,
      "offset_start": 0,
      "qmn": {},
      "shape": [
        64
      ],
      "shape_map": [
        "CH"
      ],
      "size_bytes": 64
    },
    {
      "alignment": 4,
      "batch": 0,
      "channel_first": false,
      "channel_last": true,
      "epochs": {
        "end": 8,
        "start": 5
      },
      "flags": "STAI_FLAG_PREALLOCATED|STAI_FLAG_ACTIVATIONS|STAI_FLAG_SCRATCHS",
      "format": "STAI_FORMAT_S16",
      "id": 218,
      "intq": {},
      "is_param": false,
      "mpool_id": 0,
      "name": "gemm_1_scratch0_array",
      "nbits": 16,
      "offset_start": 68,
      "qmn": {},
      "shape": [
        1,
        1,
        323,
        1
      ],
      "shape_map": [
        "H",
        "W",
        "CH",
        "CH_IN"
      ],
      "size_bytes": 646
    },
    {
      "alignment": 4,
      "batch": 0,
      "channel_first": true,
      "channel_last": true,
      "epochs": {
        "end": 1,
        "start": 0
      },
      "flags": "STAI_FLAG_WEIGHTS|STAI_FLAG_CONST|STAI_FLAG_PREALLOCATED",
      "format": "STAI_FORMAT_S8",
      "id": 179,
      "intq": {
        "axis": 1,
        "offsets": [
          0,
          0,
          0,
          0,
          0,
          0,
          0,
          0,
          0,
          0,
          0,
          0,
          0,
          0,
          0,
          0,
          0,
          0,
          0,
          0,
          0,
          0,
          0,
          0,
          0,
          0,
          0,
          0,
          0,
          0,
          0,
          0,
          0,
          0,
          0,
          0,
          0,
          0,
          0,
          0,
          0,
          0,
          0,
          0,
          0,
          0,
          0,
          0,
          0,
          0,
          0,
          0,
          0,
          0,
          0,
          0,
          0,
          0,
          0,
          0,
          0,
          0,
          0,
          0
        ],
        "scales": [
          0.0011081815464422107,
          0.0021247095428407192,
          0.0020979312248528004,
          0.001876885537058115,
          0.0019776704721152782,
          0.0010099587962031364,
          0.002292053773999214,
          0.002364051528275013,
          0.002213272964581847,
          0.0016081485664471984,
          0.0015717007918283343,
          0.001813837792724371,
          0.0006309971795417368,
          0.002211774466559291,
          0.0021260797511786222,
          0.0005660249735228717,
          0.000981700955890119,
          0.002450682921335101,
          0.0025227623991668224,
          0.0023428103886544704,
          0.002121465979143977,
          0.002045723143965006,
          0.0013199993409216404,
          0.002203756244853139,
          0.0019655402284115553,
          0.0022777190897613764,
          0.00197281944565475,
          0.0020972650963813066,
          0.0013156285276636481,
          0.0024714204482734203,
          0.0011281443294137716,
          0.0020657905843108892,
          0.0017939613899216056,
          0.001841531484387815,
          0.0015833878424018621,
          0.0023355663288384676,
          0.0009816632373258471,
          0.002234106417745352,
          0.0012911142548546195,
          0.002307788236066699,
          0.0018840227276086807,
          0.0012661742512136698,
          0.0025402531027793884,
          0.0020938944071531296,
          0.0021848673932254314,
          0.0021912031807005405,
          0.0014360849745571613,
          0.0019477527821436524,
          0.001729222945868969,
          0.0013659883989021182,
          0.0018654875457286835,
          0.0017175920074805617,
          0.002036414807662368,
          0.0016207018634304404,
          0.00019922570209018886,
          0.0022169770672917366,
          0.0016020762268453836,
          0.0018917940324172378,
          0.0013235638616606593,
          0.002133011817932129,
          0.00188946642447263,
          0.0017618837300688028,
          0.0017623747698962688,
          0.0019911883864551783
        ]
      },
      "is_param": true,
      "mpool_id": 1,
      "name": "gemm_1_weights_array",
      "nbits": 8,
      "offset_start": 0,
      "qmn": {},
      "shape": [
        64,
        3
      ],
      "shape_map": [
        "CH",
        "CH_IN"
      ],
      "size_bytes": 192
    },
    {
      "alignment": 4,
      "batch": 0,
      "channel_first": true,
      "channel_last": true,
      "epochs": {
        "end": 1,
        "start": 0
      },
      "flags": "STAI_FLAG_WEIGHTS|STAI_FLAG_CONST|STAI_FLAG_PREALLOCATED",
      "format": "STAI_FORMAT_S32",
      "id": 188,
      "intq": {},
      "is_param": true,
      "mpool_id": 1,
      "name": "gemm_2_bias_array",
      "nbits": 32,
      "offset_start": 2496,
      "qmn": {},
      "shape": [
        32
      ],
      "shape_map": [
        "CH"
      ],
      "size_bytes": 128
    },
    {
      "alignment": 4,
      "batch": 0,
      "channel_first": true,
      "channel_last": true,
      "epochs": {
        "end": 15,
        "start": 10
      },
      "flags": "STAI_FLAG_PREALLOCATED|STAI_FLAG_ACTIVATIONS",
      "format": "STAI_FORMAT_S8",
      "id": 167,
      "intq": {
        "axis": 0,
        "offsets": [
          -128
        ],
        "scales": [
          2.2264692783355713
        ]
      },
      "is_param": false,
      "mpool_id": 0,
      "name": "gemm_2_output_array",
      "nbits": 8,
      "offset_start": 512,
      "qmn": {},
      "shape": [
        32
      ],
      "shape_map": [
        "CH"
      ],
      "size_bytes": 32
    },
    {
      "alignment": 4,
      "batch": 0,
      "channel_first": false,
      "channel_last": true,
      "epochs": {
        "end": 12,
        "start": 9
      },
      "flags": "STAI_FLAG_PREALLOCATED|STAI_FLAG_ACTIVATIONS|STAI_FLAG_SCRATCHS",
      "format": "STAI_FORMAT_S16",
      "id": 224,
      "intq": {},
      "is_param": false,
      "mpool_id": 0,
      "name": "gemm_2_scratch0_array",
      "nbits": 16,
      "offset_start": 64,
      "qmn": {},
      "shape": [
        1,
        1,
        224,
        1
      ],
      "shape_map": [
        "H",
        "W",
        "CH",
        "CH_IN"
      ],
      "size_bytes": 448
    },
    {
      "alignment": 4,
      "batch": 0,
      "channel_first": true,
      "channel_last": true,
      "epochs": {
        "end": 1,
        "start": 0
      },
      "flags": "STAI_FLAG_WEIGHTS|STAI_FLAG_CONST|STAI_FLAG_PREALLOCATED",
      "format": "STAI_FORMAT_S8",
      "id": 185,
      "intq": {
        "axis": 1,
        "offsets": [
          0,
          0,
          0,
          0,
          0,
          0,
          0,
          0,
          0,
          0,
          0,
          0,
          0,
          0,
          0,
          0,
          0,
          0,
          0,
          0,
          0,
          0,
          0,
          0,
          0,
          0,
          0,
          0,
          0,
          0,
          0,
          0
        ],
        "scales": [
          0.0021724530961364508,
          0.002123854588717222,
          0.0018372905906289816,
          0.0019364708568900824,
          0.0019286369206383824,
          0.0020154567901045084,
          0.0020478020887821913,
          0.0020103806164115667,
          0.001957830972969532,
          0.0019595681224018335,
          0.0019361695740371943,
          0.0019443180644884706,
          0.0019469988765195012,
          0.001870403066277504,
          0.0021821174304932356,
          0.0019679900724440813,
          0.0021971326787024736,
          0.0019886575173586607,
          0.0019281919812783599,
          0.0019620731472969055,
          0.0019365370972082019,
          0.0019451872212812304,
          0.0018372907070443034,
          0.0021576681174337864,
          0.0019522272050380707,
          0.0019138670759275556,
          0.0019402268808335066,
          0.001931629260070622,
          0.0019492215942591429,
          0.0019318503327667713,
          0.0019579699728637934,
          0.0019476014422252774
        ]
      },
      "is_param": true,
      "mpool_id": 1,
      "name": "gemm_2_weights_array",
      "nbits": 8,
      "offset_start": 448,
      "qmn": {},
      "shape": [
        32,
        64
      ],
      "shape_map": [
        "CH",
        "CH_IN"
      ],
      "size_bytes": 2048
    },
    {
      "alignment": 4,
      "batch": 0,
      "channel_first": true,
      "channel_last": true,
      "epochs": {
        "end": 1,
        "start": 0
      },
      "flags": "STAI_FLAG_WEIGHTS|STAI_FLAG_CONST|STAI_FLAG_PREALLOCATED",
      "format": "STAI_FORMAT_S32",
      "id": 194,
      "intq": {},
      "is_param": true,
      "mpool_id": 1,
      "name": "gemm_3_bias_array",
      "nbits": 32,
      "offset_start": 3136,
      "qmn": {},
      "shape": [
        16
      ],
      "shape_map": [
        "CH"
      ],
      "size_bytes": 64
    },
    {
      "alignment": 4,
      "batch": 0,
      "channel_first": true,
      "channel_last": true,
      "epochs": {
        "end": 19,
        "start": 14
      },
      "flags": "STAI_FLAG_PREALLOCATED|STAI_FLAG_ACTIVATIONS",
      "format": "STAI_FORMAT_S8",
      "id": 169,
      "intq": {
        "axis": 0,
        "offsets": [
          -128
        ],
        "scales": [
          2.899355888366699
        ]
      },
      "is_param": false,
      "mpool_id": 0,
      "name": "gemm_3_output_array",
      "nbits": 8,
      "offset_start": 224,
      "qmn": {},
      "shape": [
        16
      ],
      "shape_map": [
        "CH"
      ],
      "size_bytes": 16
    },
    {
      "alignment": 4,
      "batch": 0,
      "channel_first": false,
      "channel_last": true,
      "epochs": {
        "end": 16,
        "start": 13
      },
      "flags": "STAI_FLAG_PREALLOCATED|STAI_FLAG_ACTIVATIONS|STAI_FLAG_SCRATCHS",
      "format": "STAI_FORMAT_S16",
      "id": 230,
      "intq": {},
      "is_param": false,
      "mpool_id": 0,
      "name": "gemm_3_scratch0_array",
      "nbits": 16,
      "offset_start": 0,
      "qmn": {},
      "shape": [
        1,
        1,
        112,
        1
      ],
      "shape_map": [
        "H",
        "W",
        "CH",
        "CH_IN"
      ],
      "size_bytes": 224
    },
    {
      "alignment": 4,
      "batch": 0,
      "channel_first": true,
      "channel_last": true,
      "epochs": {
        "end": 1,
        "start": 0
      },
      "flags": "STAI_FLAG_WEIGHTS|STAI_FLAG_CONST|STAI_FLAG_PREALLOCATED",
      "format": "STAI_FORMAT_S8",
      "id": 191,
      "intq": {
        "axis": 1,
        "offsets": [
          0,
          0,
          0,
          0,
          0,
          0,
          0,
          0,
          0,
          0,
          0,
          0,
          0,
          0,
          0,
          0
        ],
        "scales": [
          0.002715394599363208,
          0.002638571197167039,
          0.0026640186551958323,
          0.0029827095568180084,
          0.0027556074783205986,
          0.002970178844407201,
          0.0026025145780295134,
          0.0028853544499725103,
          0.002777405548840761,
          0.002859698375687003,
          0.0027576216962188482,
          0.002724295249208808,
          0.0025559791829437017,
          0.002898616250604391,
          0.002774920780211687,
          0.0028700169641524553
        ]
      },
      "is_param": true,
      "mpool_id": 1,
      "name": "gemm_3_weights_array",
      "nbits": 8,
      "offset_start": 2624,
      "qmn": {},
      "shape": [
        16,
        32
      ],
      "shape_map": [
        "CH",
        "CH_IN"
      ],
      "size_bytes": 512
    },
    {
      "alignment": 4,
      "batch": 0,
      "channel_first": true,
      "channel_last": true,
      "epochs": {
        "end": 1,
        "start": 0
      },
      "flags": "STAI_FLAG_WEIGHTS|STAI_FLAG_CONST|STAI_FLAG_PREALLOCATED",
      "format": "STAI_FORMAT_S32",
      "id": 200,
      "intq": {},
      "is_param": true,
      "mpool_id": 1,
      "name": "gemm_4_bias_array",
      "nbits": 32,
      "offset_start": 3712,
      "qmn": {},
      "shape": [
        32
      ],
      "shape_map": [
        "CH"
      ],
      "size_bytes": 128
    },
    {
      "alignment": 4,
      "batch": 0,
      "channel_first": true,
      "channel_last": true,
      "epochs": {
        "end": 23,
        "start": 18
      },
      "flags": "STAI_FLAG_PREALLOCATED|STAI_FLAG_ACTIVATIONS",
      "format": "STAI_FORMAT_S8",
      "id": 171,
      "intq": {
        "axis": 0,
        "offsets": [
          -128
        ],
        "scales": [
          2.3369925022125244
        ]
      },
      "is_param": false,
      "mpool_id": 0,
      "name": "gemm_4_output_array",
      "nbits": 8,
      "offset_start": 0,
      "qmn": {},
      "shape": [
        32
      ],
      "shape_map": [
        "CH"
      ],
      "size_bytes": 32
    },
    {
      "alignment": 4,
      "batch": 0,
      "channel_first": false,
      "channel_last": true,
      "epochs": {
        "end": 20,
        "start": 17
      },
      "flags": "STAI_FLAG_PREALLOCATED|STAI_FLAG_ACTIVATIONS|STAI_FLAG_SCRATCHS",
      "format": "STAI_FORMAT_S16",
      "id": 236,
      "intq": {},
      "is_param": false,
      "mpool_id": 0,
      "name": "gemm_4_scratch0_array",
      "nbits": 16,
      "offset_start": 240,
      "qmn": {},
      "shape": [
        1,
        1,
        176,
        1
      ],
      "shape_map": [
        "H",
        "W",
        "CH",
        "CH_IN"
      ],
      "size_bytes": 352
    },
    {
      "alignment": 4,
      "batch": 0,
      "channel_first": true,
      "channel_last": true,
      "epochs": {
        "end": 1,
        "start": 0
      },
      "flags": "STAI_FLAG_WEIGHTS|STAI_FLAG_CONST|STAI_FLAG_PREALLOCATED",
      "format": "STAI_FORMAT_S8",
      "id": 197,
      "intq": {
        "axis": 1,
        "offsets": [
          0,
          0,
          0,
          0,
          0,
          0,
          0,
          0,
          0,
          0,
          0,
          0,
          0,
          0,
          0,
          0,
          0,
          0,
          0,
          0,
          0,
          0,
          0,
          0,
          0,
          0,
          0,
          0,
          0,
          0,
          0,
          0
        ],
        "scales": [
          0.002759180963039398,
          0.0025152224116027355,
          0.0026989514008164406,
          0.002645653672516346,
          0.0026487389113754034,
          0.002490818966180086,
          0.0020331910345703363,
          0.0027207043021917343,
          0.002767602913081646,
          0.0024620776530355215,
          0.002991190878674388,
          0.002698577707633376,
          0.0026722217444330454,
          0.002487667603418231,
          0.0028440954629331827,
          0.002689037239179015,
          0.002643930958583951,
          0.0027824281714856625,
          0.0021853430662304163,
          0.0028063664212822914,
          0.0026314686983823776,
          0.002749426756054163,
          0.002580920932814479,
          0.002654171548783779,
          0.002626959001645446,
          0.002463769167661667,
          0.002545410068705678,
          0.0026541706174612045,
          0.0026179661508649588,
          0.002200888702645898,
          0.002756235422566533,
          0.0027092203963547945
        ]
      },
      "is_param": true,
      "mpool_id": 1,
      "name": "gemm_4_weights_array",
      "nbits": 8,
      "offset_start": 3200,
      "qmn": {},
      "shape": [
        32,
        16
      ],
      "shape_map": [
        "CH",
        "CH_IN"
      ],
      "size_bytes": 512
    },
    {
      "alignment": 4,
      "batch": 0,
      "channel_first": true,
      "channel_last": true,
      "epochs": {
        "end": 1,
        "start": 0
      },
      "flags": "STAI_FLAG_WEIGHTS|STAI_FLAG_CONST|STAI_FLAG_PREALLOCATED",
      "format": "STAI_FORMAT_S32",
      "id": 206,
      "intq": {},
      "is_param": true,
      "mpool_id": 1,
      "name": "gemm_5_bias_array",
      "nbits": 32,
      "offset_start": 5888,
      "qmn": {},
      "shape": [
        64
      ],
      "shape_map": [
        "CH"
      ],
      "size_bytes": 256
    },
    {
      "alignment": 4,
      "batch": 0,
      "channel_first": true,
      "channel_last": true,
      "epochs": {
        "end": 27,
        "start": 22
      },
      "flags": "STAI_FLAG_PREALLOCATED|STAI_FLAG_ACTIVATIONS",
      "format": "STAI_FORMAT_S8",
      "id": 173,
      "intq": {
        "axis": 0,
        "offsets": [
          -128
        ],
        "scales": [
          2.618690252304077
        ]
      },
      "is_param": false,
      "mpool_id": 0,
      "name": "gemm_5_output_array",
      "nbits": 8,
      "offset_start": 736,
      "qmn": {},
      "shape": [
        64
      ],
      "shape_map": [
        "CH"
      ],
      "size_bytes": 64
    },
    {
      "alignment": 4,
      "batch": 0,
      "channel_first": false,
      "channel_last": true,
      "epochs": {
        "end": 24,
        "start": 21
      },
      "flags": "STAI_FLAG_PREALLOCATED|STAI_FLAG_ACTIVATIONS|STAI_FLAG_SCRATCHS",
      "format": "STAI_FORMAT_S16",
      "id": 242,
      "intq": {},
      "is_param": false,
      "mpool_id": 0,
      "name": "gemm_5_scratch0_array",
      "nbits": 16,
      "offset_start": 32,
      "qmn": {},
      "shape": [
        1,
        1,
        352,
        1
      ],
      "shape_map": [
        "H",
        "W",
        "CH",
        "CH_IN"
      ],
      "size_bytes": 704
    },
    {
      "alignment": 4,
      "batch": 0,
      "channel_first": true,
      "channel_last": true,
      "epochs": {
        "end": 1,
        "start": 0
      },
      "flags": "STAI_FLAG_WEIGHTS|STAI_FLAG_CONST|STAI_FLAG_PREALLOCATED",
      "format": "STAI_FORMAT_S8",
      "id": 203,
      "intq": {
        "axis": 1,
        "offsets": [
          0,
          0,
          0,
          0,
          0,
          0,
          0,
          0,
          0,
          0,
          0,
          0,
          0,
          0,
          0,
          0,
          0,
          0,
          0,
          0,
          0,
          0,
          0,
          0,
          0,
          0,
          0,
          0,
          0,
          0,
          0,
          0,
          0,
          0,
          0,
          0,
          0,
          0,
          0,
          0,
          0,
          0,
          0,
          0,
          0,
          0,
          0,
          0,
          0,
          0,
          0,
          0,
          0,
          0,
          0,
          0,
          0,
          0,
          0,
          0,
          0,
          0,
          0,
          0
        ],
        "scales": [
          0.001883864402770996,
          0.0019385096384212375,
          0.0022430361714214087,
          0.0018852408975362778,
          0.0020153087098151445,
          0.0019554190803319216,
          0.001956445863470435,
          0.0018570390529930592,
          0.0021497635170817375,
          0.001936450251378119,
          0.001962010283023119,
          0.0019154943292960525,
          0.0018937892746180296,
          0.0019612631294876337,
          0.0020981712732464075,
          0.0021851337514817715,
          0.0016336300177499652,
          0.002139420248568058,
          0.0021755637135356665,
          0.0019091321155428886,
          0.0019647039007395506,
          0.002002159832045436,
          0.0018943162867799401,
          0.001960851950570941,
          0.0018777434015646577,
          0.002051900839433074,
          0.0019639988895505667,
          0.0018040105933323503,
          0.0019455894362181425,
          0.0019668941386044025,
          0.0018321590032428503,
          0.00217698747292161,
          0.0019485109951347113,
          0.001991687109693885,
          0.0019406549399718642,
          0.001892442349344492,
          0.002080621663480997,
          0.0021184836514294147,
          0.0018246342660859227,
          0.001893392181955278,
          0.0019246889278292656,
          0.0018410931807011366,
          0.001966522540897131,
          0.001861431053839624,
          0.0019523933297023177,
          0.0020802905783057213,
          0.0020827611442655325,
          0.0018665898824110627,
          0.001804503845050931,
          0.0018711450975388288,
          0.0019538586493581533,
          0.0018882910953834653,
          0.002113842871040106,
          0.002112849149852991,
          0.001904729288071394,
          0.0019670799374580383,
          0.0020172097720205784,
          0.0017877770587801933,
          0.001793202944099903,
          0.0018219446064904332,
          0.0020301630720496178,
          0.0018684357637539506,
          0.0018645637901499867,
          0.00196584383957088
        ]
      },
      "is_param": true,
      "mpool_id": 1,
      "name": "gemm_5_weights_array",
      "nbits": 8,
      "offset_start": 3840,
      "qmn": {},
      "shape": [
        64,
        32
      ],
      "shape_map": [
        "CH",
        "CH_IN"
      ],
      "size_bytes": 2048
    },
    {
      "alignment": 4,
      "batch": 0,
      "channel_first": true,
      "channel_last": true,
      "epochs": {
        "end": 1,
        "start": 0
      },
      "flags": "STAI_FLAG_WEIGHTS|STAI_FLAG_CONST|STAI_FLAG_PREALLOCATED",
      "format": "STAI_FORMAT_S32",
      "id": 212,
      "intq": {},
      "is_param": true,
      "mpool_id": 1,
      "name": "gemm_6_bias_array",
      "nbits": 32,
      "offset_start": 6336,
      "qmn": {},
      "shape": [
        3
      ],
      "shape_map": [
        "CH"
      ],
      "size_bytes": 12
    },
    {
      "alignment": 4,
      "batch": 0,
      "channel_first": true,
      "channel_last": true,
      "epochs": {
        "end": 30,
        "start": 26
      },
      "flags": "STAI_FLAG_PREALLOCATED|STAI_FLAG_ACTIVATIONS",
      "format": "STAI_FORMAT_S8",
      "id": 175,
      "intq": {
        "axis": 0,
        "offsets": [
          -128
        ],
        "scales": [
          3.98715877532959
        ]
      },
      "is_param": false,
      "mpool_id": 0,
      "name": "gemm_6_output_array",
      "nbits": 8,
      "offset_start": 160,
      "qmn": {},
      "shape": [
        3
      ],
      "shape_map": [
        "CH"
      ],
      "size_bytes": 3
    },
    {
      "alignment": 4,
      "batch": 0,
      "channel_first": false,
      "channel_last": true,
      "epochs": {
        "end": 28,
        "start": 25
      },
      "flags": "STAI_FLAG_PREALLOCATED|STAI_FLAG_ACTIVATIONS|STAI_FLAG_SCRATCHS",
      "format": "STAI_FORMAT_S16",
      "id": 248,
      "intq": {},
      "is_param": false,
      "mpool_id": 0,
      "name": "gemm_6_scratch0_array",
      "nbits": 16,
      "offset_start": 0,
      "qmn": {},
      "shape": [
        1,
        1,
        79,
        1
      ],
      "shape_map": [
        "H",
        "W",
        "CH",
        "CH_IN"
      ],
      "size_bytes": 158
    },
    {
      "alignment": 4,
      "batch": 0,
      "channel_first": true,
      "channel_last": true,
      "epochs": {
        "end": 1,
        "start": 0
      },
      "flags": "STAI_FLAG_WEIGHTS|STAI_FLAG_CONST|STAI_FLAG_PREALLOCATED",
      "format": "STAI_FORMAT_S8",
      "id": 209,
      "intq": {
        "axis": 1,
        "offsets": [
          0,
          0,
          0
        ],
        "scales": [
          0.002666484098881483,
          0.002173330867663026,
          0.002290683100000024
        ]
      },
      "is_param": true,
      "mpool_id": 1,
      "name": "gemm_6_weights_array",
      "nbits": 8,
      "offset_start": 6144,
      "qmn": {},
      "shape": [
        3,
        64
      ],
      "shape_map": [
        "CH",
        "CH_IN"
      ],
      "size_bytes": 192
    },
    {
      "alignment": 4,
      "batch": 0,
      "channel_first": true,
      "channel_last": true,
      "epochs": {
        "end": 4,
        "start": 2
      },
      "flags": "STAI_FLAG_INPUTS|STAI_FLAG_PREALLOCATED|STAI_FLAG_ACTIVATIONS",
      "format": "STAI_FORMAT_FLOAT",
      "id": 161,
      "intq": {},
      "is_param": false,
      "mpool_id": 0,
      "name": "serving_default_keras_tensor0_output_array",
      "nbits": 32,
      "offset_start": 64,
      "qmn": {},
      "shape": [
        3
      ],
      "shape_map": [
        "CH"
      ],
      "size_bytes": 12
    }
  ],
  "environment": {
    "generated_model": {
      "generated_time": "2025-12-02T14:49:17+0800",
      "model_files": [
        {
          "name": "network_data_params.h",
          "signature": "0x95389366000261b74c87eba6ecf457de"
        },
        {
          "name": "network_data_params.c",
          "signature": "0xd51fbdbea7d63d1227fc4d0d3ec13e6f"
        },
        {
          "name": "network_data.h",
          "signature": "0xc80673c6667b3df98fd634dc86cb8cec"
        },
        {
          "name": "network_data.c",
          "signature": "0xfca2ed45b8c78aef4847b8c096a3fc8b"
        },
        {
          "name": "network_config.h",
          "signature": "0x05b2af46092df37f49a1dd0f9b475ba4"
        },
        {
          "name": "network.h",
          "signature": "0xcaa55635fd498d963033977dd77fb9f7"
        },
        {
          "name": "network.c",
          "signature": "0x23de4831c0b15b1b7c28e0c821ef8f68"
        }
      ],
      "name": "network"
    },
    "network_signature": "0x61233fa14c9f542e",
    "test_name": "",
    "tools": [
      {
        "arguments": "generate --target stm32f4 --name network -m C:/Users/ZhuanZ/Desktop/ai_ota_Project/trainmodel_demo/anomaly_detection_model.tflite --compression none --verbosity 1 --workspace C:/Users/ZhuanZ/AppData/Local/Temp/mxAI_workspace295944579480013353871523734644607 --output C:/Users/ZhuanZ/.stm32cubemx/network_output",
        "environment": [
          "STATS_TYPE=X-CUBE-AI"
        ],
        "input_model": {
          "model_files": [
            {
              "name": "anomaly_detection_model.tflite",
              "signature": "0xa8bf6cd41eba4b36effd7962eb76a1bd"
            }
          ],
          "n_params": 5715,
          "name": "anomaly_detection_model",
          "size": 6348,
          "type": "tflite"
        },
        "name": "ST.EdgeAI.Core",
        "version": "2.2.0-20266 2adc00962"
      }
    ]
  },
  "graphs": [
    {
      "edges": [
        {
          "buffer": 163,
          "edge_kind": "EDGE_MEMORY",
          "end": {
            "node_id": 20,
            "port": 0
          },
          "id": 0,
          "name": "n19-p0_n20-p0",
          "start": {
            "node_id": 19,
            "port": 0
          }
        },
        {
          "buffer": 165,
          "edge_kind": "EDGE_MEMORY",
          "end": {
            "node_id": 21,
            "port": 0
          },
          "id": 1,
          "name": "n20-p0_n21-p0",
          "start": {
            "node_id": 20,
            "port": 0
          }
        },
        {
          "buffer": 167,
          "edge_kind": "EDGE_MEMORY",
          "end": {
            "node_id": 22,
            "port": 0
          },
          "id": 2,
          "name": "n21-p0_n22-p0",
          "start": {
            "node_id": 21,
            "port": 0
          }
        },
        {
          "buffer": 169,
          "edge_kind": "EDGE_MEMORY",
          "end": {
            "node_id": 23,
            "port": 0
          },
          "id": 3,
          "name": "n22-p0_n23-p0",
          "start": {
            "node_id": 22,
            "port": 0
          }
        },
        {
          "buffer": 171,
          "edge_kind": "EDGE_MEMORY",
          "end": {
            "node_id": 24,
            "port": 0
          },
          "id": 4,
          "name": "n23-p0_n24-p0",
          "start": {
            "node_id": 23,
            "port": 0
          }
        },
        {
          "buffer": 173,
          "edge_kind": "EDGE_MEMORY",
          "end": {
            "node_id": 25,
            "port": 0
          },
          "id": 5,
          "name": "n24-p0_n25-p0",
          "start": {
            "node_id": 24,
            "port": 0
          }
        },
        {
          "buffer": 175,
          "edge_kind": "EDGE_MEMORY",
          "end": {
            "node_id": 26,
            "port": 0
          },
          "id": 6,
          "name": "n25-p0_n26-p0",
          "start": {
            "node_id": 25,
            "port": 0
          }
        }
      ],
      "id": 0,
      "inputs": [
        161
      ],
      "name": "anomaly_detection_model",
      "nodes": [
        {
          "attributes": {
            "axis": "CH"
          },
          "description": "Conversion",
          "id": 19,
          "inputs": [
            161
          ],
          "macc": 6,
          "mapping": "NODE_SW",
          "name": "conversion_0",
          "original_nodes": [
            "0"
          ],
          "outputs": [
            163
          ],
          "scratchs": [],
          "subgraph_nodes": [],
          "sw_functions": [
            "node_convert"
          ]
        },
        {
          "attributes": {
            "num_units": "64",
            "use_bias": "True"
          },
          "description": "Dense",
          "id": 20,
          "inputs": [
            163,
            179,
            182
          ],
          "macc": 256,
          "mapping": "NODE_SW",
          "name": "gemm_1",
          "original_nodes": [
            "1"
          ],
          "outputs": [
            165
          ],
          "scratchs": [
            218
          ],
          "subgraph_nodes": [],
          "sw_functions": [
            "forward_dense_integer_SSSA_ch"
          ]
        },
        {
          "attributes": {
            "num_units": "32",
            "use_bias": "True"
          },
          "description": "Dense",
          "id": 21,
          "inputs": [
            165,
            185,
            188
          ],
          "macc": 2080,
          "mapping": "NODE_SW",
          "name": "gemm_2",
          "original_nodes": [
            "2"
          ],
          "outputs": [
            167
          ],
          "scratchs": [
            224
          ],
          "subgraph_nodes": [],
          "sw_functions": [
            "forward_dense_integer_SSSA_ch"
          ]
        },
        {
          "attributes": {
            "num_units": "16",
            "use_bias": "True"
          },
          "description": "Dense",
          "id": 22,
          "inputs": [
            167,
            191,
            194
          ],
          "macc": 528,
          "mapping": "NODE_SW",
          "name": "gemm_3",
          "original_nodes": [
            "3"
          ],
          "outputs": [
            169
          ],
          "scratchs": [
            230
          ],
          "subgraph_nodes": [],
          "sw_functions": [
            "forward_dense_integer_SSSA_ch"
          ]
        },
        {
          "attributes": {
            "num_units": "32",
            "use_bias": "True"
          },
          "description": "Dense",
          "id": 23,
          "inputs": [
            169,
            197,
            200
          ],
          "macc": 544,
          "mapping": "NODE_SW",
          "name": "gemm_4",
          "original_nodes": [
            "4"
          ],
          "outputs": [
            171
          ],
          "scratchs": [
            236
          ],
          "subgraph_nodes": [],
          "sw_functions": [
            "forward_dense_integer_SSSA_ch"
          ]
        },
        {
          "attributes": {
            "num_units": "64",
            "use_bias": "True"
          },
          "description": "Dense",
          "id": 24,
          "inputs": [
            171,
            203,
            206
          ],
          "macc": 2112,
          "mapping": "NODE_SW",
          "name": "gemm_5",
          "original_nodes": [
            "5"
          ],
          "outputs": [
            173
          ],
          "scratchs": [
            242
          ],
          "subgraph_nodes": [],
          "sw_functions": [
            "forward_dense_integer_SSSA_ch"
          ]
        },
        {
          "attributes": {
            "num_units": "3",
            "use_bias": "True"
          },
          "description": "Dense",
          "id": 25,
          "inputs": [
            173,
            209,
            212
          ],
          "macc": 195,
          "mapping": "NODE_SW",
          "name": "gemm_6",
          "original_nodes": [
            "6"
          ],
          "outputs": [
            175
          ],
          "scratchs": [
            248
          ],
          "subgraph_nodes": [],
          "sw_functions": [
            "forward_dense_integer_SSSA_ch"
          ]
        },
        {
          "attributes": {
            "axis": "CH"
          },
          "description": "Conversion",
          "id": 26,
          "inputs": [
            175
          ],
          "macc": 6,
          "mapping": "NODE_SW",
          "name": "conversion_7",
          "original_nodes": [
            "7"
          ],
          "outputs": [
            177
          ],
          "scratchs": [],
          "subgraph_nodes": [],
          "sw_functions": [
            "node_convert"
          ]
        }
      ],
      "original_inputs": [
        {
          "c_shape_map": [],
          "data_format": {
            "quantizer": "NONE",
            "scale": [],
            "size": 32,
            "type": "FLOAT",
            "zero": []
          },
          "name": "serving_default_keras_tensor0",
          "shape": [
            1,
            3
          ],
          "shape_map": [
            "BATCH",
            "CH"
          ]
        }
      ],
      "original_outputs": [
        {
          "c_shape_map": [],
          "data_format": {
            "quantizer": "NONE",
            "scale": [],
            "size": 32,
            "type": "FLOAT",
            "zero": []
          },
          "name": "conversion_7",
          "shape": [
            1,
            3
          ],
          "shape_map": [
            "BATCH",
            "CH"
          ]
        }
      ],
      "outputs": [
        177
      ]
    }
  ],
  "json_schema_version": "2.0",
  "memory_footprint": {
    "activations": 800,
    "io": [
      0,
      0
    ],
    "kernel_flash": 15026,
    "kernel_ram": 3240,
    "series": "stm32f4",
    "toolchain": "arm-none-eabi-gcc (GNU Tools for STM32 13.3.rel1.20250523-0900) 13.3.1 20240614",
    "toolchain_flash": 1952,
    "toolchain_ram": 0,
    "weights": 6348
  },
  "memory_pools": [
    {
      "address": "NULL",
      "alignment": 4,
      "attributes": {
        "latency": "HIGH",
        "score": 768,
        "throughput": "LOW"
      },
      "buffers": [
        161,
        163,
        165,
        167,
        169,
        171,
        173,
        175,
        177,
        218,
        224,
        230,
        236,
        242,
        248
      ],
      "id": 0,
      "name": "heap_overlay_pool",
      "offset_start": 0,
      "persistent": false,
      "rights": "ACC_WRITE",
      "size_bytes": -1,
      "subpools": [],
      "used_size_bytes": 800,
      "user_allocated": false,
      "virtual": false
    },
    {
      "address": "s_network_weights_array_u64",
      "alignment": 0,
      "attributes": {
        "latency": "UNDEF",
        "score": 0,
        "throughput": "UNDEF"
      },
      "buffers": [
        179,
        182,
        185,
        188,
        191,
        194,
        197,
        200,
        203,
        206,
        209,
        212
      ],
      "id": 1,
      "name": "weights_array",
      "offset_start": 0,
      "persistent": true,
      "rights": "ACC_READ",
      "size_bytes": -1,
      "subpools": [],
      "used_size_bytes": 6348,
      "user_allocated": false,
      "virtual": false
    }
  ]
}